<?xml version="1.0" encoding="UTF-8" standalone="yes"?>
<project name="CityWalletProtoV1" systemTags="1" description="CityWallet App" system="2" subsystem="1" openedwith="JS_EDITOR" backupVersion="2.0" withCertificates="false" modelVersion="34">
    <asset compressed="false" id="8569723" name="Screen1" type="50"/>
    <asset compressed="false" id="8019387" name="instapagoConfirmation" type="50"/>
    <asset compressed="false" id="7983073" name="error" type="60"/>
    <asset compressed="false" id="7981015" name="cityWallet" type="60"/>
    <asset compressed="false" id="7836045" name="cityWallet" type="50"/>
    <asset compressed="false" id="7830242" name="createAccount" type="50"/>
    <asset compressed="false" id="7794393" name="favicon" type="20"/>
    <asset compressed="false" id="7793958" name="settings_Full" type="50"/>
    <asset compressed="false" id="7747905" name="userDatalast" type="20"/>
    <asset compressed="false" id="7747902" name="updateUser" type="20"/>
    <asset compressed="true" id="7627002" name="logo_city_dark__1_.png" type="10"/>
    <asset compressed="true" id="7626987" name="logo_city_horizontal_1450139712.png" type="10"/>
    <asset compressed="false" id="7409840" name="Project metadata" type="230"/>
    <asset compressed="false" id="7380456" name="updateOnClick" type="60"/>
    <asset compressed="false" id="7366507" name="RESTUpdateSticker" type="90"/>
    <asset compressed="false" id="7315412" name="validateFields" type="60"/>
    <asset compressed="false" id="7310272" name="settings" type="50"/>
    <asset compressed="false" id="7304308" name="visit_unlimited_list" type="50"/>
    <asset compressed="false" id="7302349" name="addFunds_full" type="50"/>
    <asset compressed="false" id="7302156" name="RESTSetPassword" type="90"/>
    <asset compressed="false" id="7297248" name="RESTGetUser" type="90"/>
    <asset compressed="false" id="7289501" name="RESTAddSticker" type="90"/>
    <asset compressed="false" id="7286183" name="RESTGetStickers" type="90"/>
    <asset compressed="false" id="7279442" name="dropdownList" type="20"/>
    <asset compressed="false" id="7260846" name="addSticker" type="50"/>
    <asset compressed="false" id="7223946" name="addFunds" type="50"/>
    <asset compressed="false" id="7065629" name="userData" type="20"/>
    <asset compressed="false" id="7056881" name="Header" type="20"/>
    <asset compressed="false" id="7056880" name="logout" type="20"/>
    <asset compressed="false" id="7056877" name="infinitScroll" type="60"/>
    <asset compressed="false" id="7056876" name="navBar" type="20"/>
    <asset compressed="false" id="7056875" name="transactionsBlock" type="20"/>
    <asset compressed="false" id="7056870" name="RESTGetVisits" type="90"/>
    <asset compressed="true" id="7056868" name="xerox-lrg.png" type="10"/>
    <asset compressed="false" id="7056867" name="Chronometer" type="60"/>
    <asset compressed="false" id="7056865" name="RESTAddFunds" type="90"/>
    <asset compressed="false" id="7056864" name="RESTLogout" type="90"/>
    <asset compressed="true" id="7056863" name="gender-male2-512.png" type="10"/>
    <asset compressed="false" id="7056862" name="dashboard" type="50"/>
    <asset compressed="false" id="7056861" name="RESTForgotPassword" type="90"/>
    <asset compressed="false" id="7056860" name="RESTLogin" type="90"/>
    <asset compressed="false" id="7056859" name="forgotPassword" type="50"/>
    <asset compressed="false" id="7056858" name="RESTCreateAccount" type="90"/>
    <asset compressed="false" id="7056856" name="visit" type="50"/>
    <asset compressed="true" id="7056855" name="foto_mia_carnet.jpg" type="10"/>
    <asset compressed="true" id="7056854" name="logo_city_horizontal.png" type="10"/>
    <asset compressed="false" id="7056852" name="welcome" type="50"/>
    <asset compressed="true" id="7056851" name="logo_city_dark.png" type="10"/>
    <asset compressed="true" id="7056850" name="logo500x489px.png" type="10"/>
    <asset compressed="false" id="7056849" name="citywallet_styles" type="180"/>
    <asset compressed="false" id="7056848" name="CityWallet-Theme" type="270"/>
    <asset compressed="true" id="7056847" name="material-design.png" type="10"/>
    <asset compressed="false" id="7056846" name="material-design" type="270"/>
    <asset compressed="false" id="7056845" name="flat-ui1437756127743" type="270"/>
    <asset compressed="false" id="7056844" name="flat-ui" type="270"/>
    <asset compressed="false" id="7056843" name="login" type="50"/>
    <asset compressed="false" id="7056842" name="Model and Storage" type="380"/>
    <asset compressed="false" id="7056841" name="Project Descriptor-33" type="120"/>
</project>
