<?xml version="1.0" encoding="UTF-8" standalone="yes"?>
<project name="Citywallet V2" systemTags="1" description="CityWallet App" system="2" subsystem="1" openedwith="JS_EDITOR" backupVersion="2.0" withCertificates="false" modelVersion="34">
    <asset compressed="true" id="8302718" name="upload_Upload_File_to_Database_4.png" type="10"/>
    <asset compressed="true" id="8302717" name="upload_file_icon_Upload_File_to_Database_4.jpg" type="10"/>
    <asset compressed="true" id="8302652" name="upload_Upload_File_to_Database_3.png" type="10"/>
    <asset compressed="true" id="8302651" name="upload_file_icon_Upload_File_to_Database_3.jpg" type="10"/>
    <asset compressed="true" id="8302626" name="upload_Upload_File_to_Database_2.png" type="10"/>
    <asset compressed="true" id="8302625" name="upload_file_icon_Upload_File_to_Database_2.jpg" type="10"/>
    <asset compressed="true" id="8302615" name="upload_Upload_File_to_Database.png" type="10"/>
    <asset compressed="true" id="8302614" name="upload_file_icon_Upload_File_to_Database.jpg" type="10"/>
    <asset compressed="true" id="8302530" name="upload.png" type="10"/>
    <asset compressed="true" id="8302529" name="upload_file_icon.jpg" type="10"/>
    <asset compressed="false" id="8270086" name="createAccountTwo" type="50"/>
    <asset compressed="true" id="8263212" name="IconUser.png" type="10"/>
    <asset compressed="true" id="8211147" name="iconLocker.png" type="10"/>
    <asset compressed="true" id="8211057" name="arrow.png" type="10"/>
    <asset compressed="true" id="8149341" name="logoCity.png" type="10"/>
    <asset compressed="true" id="8148638" name="iconEmail.png" type="10"/>
    <asset compressed="true" id="8148637" name="iconPassword.png" type="10"/>
    <asset compressed="false" id="8127463" name="Project Descriptor-33" type="120"/>
    <asset compressed="false" id="8127462" name="Model and Storage" type="380"/>
    <asset compressed="false" id="8127461" name="login" type="50"/>
    <asset compressed="true" id="8127457" name="material-design.png" type="10"/>
    <asset compressed="false" id="8127456" name="Test" type="270"/>
    <asset compressed="false" id="8127455" name="citywallet_styles" type="180"/>
    <asset compressed="true" id="8127454" name="logo500x489px.png" type="10"/>
    <asset compressed="true" id="8127453" name="logo_city_dark.png" type="10"/>
    <asset compressed="false" id="8127452" name="welcome" type="50"/>
    <asset compressed="true" id="8127451" name="logo_city_horizontal.png" type="10"/>
    <asset compressed="true" id="8127450" name="foto_mia_carnet.jpg" type="10"/>
    <asset compressed="false" id="8127449" name="visit" type="50"/>
    <asset compressed="false" id="8127448" name="RESTCreateAccount" type="90"/>
    <asset compressed="false" id="8127447" name="forgotPassword" type="50"/>
    <asset compressed="false" id="8127446" name="RESTLogin" type="90"/>
    <asset compressed="false" id="8127445" name="RESTForgotPassword" type="90"/>
    <asset compressed="false" id="8127444" name="dashboard" type="50"/>
    <asset compressed="true" id="8127443" name="gender-male2-512.png" type="10"/>
    <asset compressed="false" id="8127442" name="RESTLogout" type="90"/>
    <asset compressed="false" id="8127441" name="RESTAddFunds" type="90"/>
    <asset compressed="false" id="8127440" name="Chronometer" type="60"/>
    <asset compressed="true" id="8127439" name="xerox-lrg.png" type="10"/>
    <asset compressed="false" id="8127438" name="RESTGetVisits" type="90"/>
    <asset compressed="false" id="8127437" name="transactionsBlock" type="20"/>
    <asset compressed="false" id="8127436" name="navBar" type="20"/>
    <asset compressed="false" id="8127435" name="infinitScroll" type="60"/>
    <asset compressed="false" id="8127434" name="logout" type="20"/>
    <asset compressed="false" id="8127433" name="Header" type="20"/>
    <asset compressed="false" id="8127432" name="userData" type="20"/>
    <asset compressed="false" id="8127431" name="addFunds" type="50"/>
    <asset compressed="false" id="8127430" name="addSticker" type="50"/>
    <asset compressed="false" id="8127429" name="dropdownList" type="20"/>
    <asset compressed="false" id="8127428" name="RESTGetStickers" type="90"/>
    <asset compressed="false" id="8127427" name="RESTAddSticker" type="90"/>
    <asset compressed="false" id="8127426" name="RESTGetUser" type="90"/>
    <asset compressed="false" id="8127425" name="RESTSetPassword" type="90"/>
    <asset compressed="false" id="8127424" name="addFunds_full" type="50"/>
    <asset compressed="false" id="8127423" name="visit_unlimited_list" type="50"/>
    <asset compressed="false" id="8127422" name="settings" type="50"/>
    <asset compressed="false" id="8127421" name="validateFields" type="60"/>
    <asset compressed="false" id="8127420" name="RESTUpdateSticker" type="90"/>
    <asset compressed="false" id="8127419" name="updateOnClick" type="60"/>
    <asset compressed="false" id="8127418" name="Project metadata" type="230"/>
    <asset compressed="true" id="8127417" name="logo_city_horizontal_1450139712.png" type="10"/>
    <asset compressed="true" id="8127416" name="logo_city_dark__1_.png" type="10"/>
    <asset compressed="false" id="8127415" name="updateUser" type="20"/>
    <asset compressed="false" id="8127414" name="userDatalast" type="20"/>
    <asset compressed="false" id="8127413" name="settings_Full" type="50"/>
    <asset compressed="false" id="8127412" name="favicon" type="20"/>
    <asset compressed="false" id="8127411" name="createAccount" type="50"/>
    <asset compressed="false" id="8127410" name="cityWallet" type="50"/>
    <asset compressed="false" id="8127409" name="cityWallet" type="60"/>
    <asset compressed="false" id="8127408" name="error" type="60"/>
    <asset compressed="false" id="8127407" name="instapagoConfirmation" type="50"/>
    <source id="366448511" path="/libs/jquerymobile/1.4.5/" sourceType="user" hidden="false" readOnly="false" compressed="false" platform="WEB_RESOURCES"/>
    <source id="366448503" path="/libs/jquerymobile/" sourceType="user" hidden="false" readOnly="false" compressed="false" platform="WEB_RESOURCES"/>
    <source id="367050522" path="/img/email.png" sourceType="generated" hidden="true" readOnly="false" compressed="false" platform="WEB_RESOURCES">
        <asset_ref>8148638</asset_ref>
    </source>
    <source id="367050523" path="/img/password.png" sourceType="generated" hidden="true" readOnly="false" compressed="false" platform="WEB_RESOURCES">
        <asset_ref>8148637</asset_ref>
    </source>
    <source id="366453296" path="/fonts/Rene.Bieder_Campton.Book.Italic.otf" sourceType="user" hidden="false" readOnly="false" compressed="false" platform="WEB_RESOURCES"/>
    <source id="366453295" path="/fonts/Rene.Bieder_Campton.Bold.Italic.otf" sourceType="user" hidden="false" readOnly="false" compressed="false" platform="WEB_RESOURCES"/>
    <source id="366453294" path="/fonts/Rene.Bieder_Campton.Book.otf" sourceType="user" hidden="false" readOnly="false" compressed="false" platform="WEB_RESOURCES"/>
    <source id="366453293" path="/fonts/Rene.Bieder_Campton.Bold.otf" sourceType="user" hidden="false" readOnly="false" compressed="false" platform="WEB_RESOURCES"/>
    <source id="366453292" path="/fonts/Rene.Bieder_Campton.Black.otf" sourceType="user" hidden="false" readOnly="false" compressed="false" platform="WEB_RESOURCES"/>
    <source id="366453291" path="/fonts/Rene.Bieder_Campton.Black.Italic.otf" sourceType="user" hidden="false" readOnly="false" compressed="false" platform="WEB_RESOURCES"/>
    <source id="366453289" path="/fonts/Rene.Bieder_Campton.ExtraBold.otf" sourceType="user" hidden="false" readOnly="false" compressed="false" platform="WEB_RESOURCES"/>
    <source id="366453288" path="/fonts/Rene.Bieder_Campton.ExtraBold.Italic.otf" sourceType="user" hidden="false" readOnly="false" compressed="false" platform="WEB_RESOURCES"/>
    <source id="366453287" path="/fonts/Rene.Bieder_Campton.ExtraLight.otf" sourceType="user" hidden="false" readOnly="false" compressed="false" platform="WEB_RESOURCES"/>
    <source id="366453286" path="/fonts/Rene.Bieder_Campton.ExtraLight.Italic.otf" sourceType="user" hidden="false" readOnly="false" compressed="false" platform="WEB_RESOURCES"/>
    <source id="366453285" path="/fonts/Rene.Bieder_Campton.Light.otf" sourceType="user" hidden="false" readOnly="false" compressed="false" platform="WEB_RESOURCES"/>
    <source id="366453284" path="/fonts/Rene.Bieder_Campton.Light.Italic.otf" sourceType="user" hidden="false" readOnly="false" compressed="false" platform="WEB_RESOURCES"/>
    <source id="366453283" path="/fonts/Rene.Bieder_Campton.Medium.otf" sourceType="user" hidden="false" readOnly="false" compressed="false" platform="WEB_RESOURCES"/>
    <source id="366453282" path="/fonts/Rene.Bieder_Campton.Medium.Italic.otf" sourceType="user" hidden="false" readOnly="false" compressed="false" platform="WEB_RESOURCES"/>
    <source id="366453281" path="/fonts/Rene.Bieder_Campton.SemiBold.otf" sourceType="user" hidden="false" readOnly="false" compressed="false" platform="WEB_RESOURCES"/>
    <source id="366453280" path="/fonts/Rene.Bieder_Campton.SemiBold.Italic.otf" sourceType="user" hidden="false" readOnly="false" compressed="false" platform="WEB_RESOURCES"/>
    <source id="366453279" path="/fonts/Rene.Bieder_Campton.Thin.otf" sourceType="user" hidden="false" readOnly="false" compressed="false" platform="WEB_RESOURCES"/>
    <source id="366453217" path="/fonts/Rene.Bieder_Campton.Thin.Italic.otf" sourceType="user" hidden="false" readOnly="false" compressed="false" platform="WEB_RESOURCES"/>
    <source id="366451445" path="/fonts/" sourceType="user" hidden="false" readOnly="false" compressed="false" platform="WEB_RESOURCES"/>
    <source id="366448525" path="/libs/jquerymobile/1.4.5/jquery.mobile.structure-1.4.5.css" sourceType="user" hidden="false" readOnly="false" compressed="true" platform="WEB_RESOURCES"/>
    <source id="366448490" path="/libs/" sourceType="user" hidden="false" readOnly="false" compressed="false" platform="WEB_RESOURCES"/>
    <source id="366448381" path="/" sourceType="user" hidden="false" readOnly="false" compressed="false" platform="WEB_RESOURCES"/>
</project>
