<?xml version="1.0" encoding="UTF-8" standalone="yes"?>
<project name="MiMovistarProto" systemTags="1" description="Mobile app built with Appery.io Mobile App Builder" system="2" subsystem="1" openedwith="JS_EDITOR" backupVersion="2.0" withCertificates="false" modelVersion="31">
    <asset compressed="false" id="7522082" name="Project metadata" type="230"/>
    <asset compressed="true" id="7262492" name="iphone_2208x1242.png" type="10"/>
    <asset compressed="true" id="7262488" name="iphone_750x1334.png" type="10"/>
    <asset compressed="true" id="7262483" name="iphone_750x1134_1445966097.png" type="10"/>
    <asset compressed="true" id="7262477" name="iphone_750x1134_1445966034.png" type="10"/>
    <asset compressed="true" id="7262476" name="iphone_750x1134_1445965992.png" type="10"/>
    <asset compressed="true" id="7262474" name="iphone_640x960_1445965934.png" type="10"/>
    <asset compressed="true" id="7262473" name="iphone_320x480.png" type="10"/>
    <asset compressed="true" id="7262472" name="iphone_1024x1024_1445965934.png" type="10"/>
    <asset compressed="true" id="7262471" name="iphone_512x512_1445965933.png" type="10"/>
    <asset compressed="true" id="7262470" name="iphone_640x1136.png" type="10"/>
    <asset compressed="true" id="7262469" name="iphone_750x1134.png" type="10"/>
    <asset compressed="true" id="7262468" name="iphone_1242x2208.png" type="10"/>
    <asset compressed="true" id="7262446" name="iphone_512x512.png" type="10"/>
    <asset compressed="true" id="7262444" name="iphone_1024x1024.png" type="10"/>
    <asset compressed="true" id="7262355" name="iphone_640x960.png" type="10"/>
    <asset compressed="true" id="7262241" name="android_960x720.png" type="10"/>
    <asset compressed="true" id="7262240" name="android_640x480.png" type="10"/>
    <asset compressed="true" id="7262239" name="android_470x320.png" type="10"/>
    <asset compressed="true" id="7262238" name="android_426x320.png" type="10"/>
    <asset compressed="true" id="7261510" name="icon_180x180.png" type="10"/>
    <asset compressed="true" id="7261509" name="icon_120x120.png" type="10"/>
    <asset compressed="true" id="7261508" name="icon_114x114.png" type="10"/>
    <asset compressed="true" id="7261507" name="icon_57x57.png" type="10"/>
    <asset compressed="true" id="7261220" name="a_20x480.png" type="10"/>
    <asset compressed="false" id="7235143" name="listfinal" type="20"/>
    <asset compressed="false" id="7235093" name="RESTBalance_clone_1" type="90"/>
    <asset compressed="true" id="7234994" name="boton_transferir_on.png" type="10"/>
    <asset compressed="true" id="7234993" name="boton_transferir_off.png" type="10"/>
    <asset compressed="false" id="7232680" name="login" type="50"/>
    <asset compressed="false" id="7232652" name="listMenu" type="20"/>
    <asset compressed="false" id="7232638" name="headerfinal" type="20"/>
    <asset compressed="true" id="7232632" name="agenda.png" type="10"/>
    <asset compressed="false" id="7232631" name="recargaSaldo_clone_1" type="50"/>
    <asset compressed="false" id="7232375" name="menu_clone_1" type="50"/>
    <asset compressed="false" id="7232274" name="Header" type="20"/>
    <asset compressed="false" id="7232268" name="home_clone_1" type="50"/>
    <asset compressed="true" id="7231857" name="logoHeader.png" type="10"/>
    <asset compressed="true" id="7231856" name="backgroundHeader.png" type="10"/>
    <asset compressed="false" id="7230773" name="menu" type="50"/>
    <asset compressed="false" id="7227058" name="RESTTransfer" type="90"/>
    <asset compressed="false" id="7226939" name="RESTBalance" type="90"/>
    <asset compressed="true" id="7224569" name="logo1445442998739.png" type="10"/>
    <asset compressed="true" id="7224568" name="twilio-logo-50x501445442998720.png" type="10"/>
    <asset compressed="true" id="7224559" name="material-design1445442998561.png" type="10"/>
    <asset compressed="true" id="7224557" name="logo1445442810697.png" type="10"/>
    <asset compressed="true" id="7224556" name="twilio-logo-50x501445442810640.png" type="10"/>
    <asset compressed="true" id="7224547" name="material-design1445442810250.png" type="10"/>
    <asset compressed="true" id="7224543" name="logo1445442577478.png" type="10"/>
    <asset compressed="true" id="7224542" name="twilio-logo-50x50.png" type="10"/>
    <asset compressed="true" id="7224533" name="material-design.png" type="10"/>
    <asset compressed="true" id="7215543" name="dashboard_6_off.png" type="10"/>
    <asset compressed="true" id="7215542" name="dashboard_5_off.png" type="10"/>
    <asset compressed="true" id="7215541" name="dashboard_4_off.png" type="10"/>
    <asset compressed="true" id="7215540" name="dashboard_3_off_1445374293.png" type="10"/>
    <asset compressed="true" id="7215539" name="dashboard_2_off.png" type="10"/>
    <asset compressed="true" id="7215538" name="dashboard_1_off.png" type="10"/>
    <asset compressed="true" id="7213823" name="boton_transferir_on2.png" type="10"/>
    <asset compressed="true" id="7213822" name="boton_transferir_off2.png" type="10"/>
    <asset compressed="true" id="7212700" name="ojo.png" type="10"/>
    <asset compressed="true" id="7166989" name="dashboard_3_off.png" type="10"/>
    <asset compressed="true" id="7166938" name="logo2.png" type="10"/>
    <asset compressed="true" id="7166527" name="transferenciadesaldo.png" type="10"/>
    <asset compressed="true" id="7166507" name="background_1444831805.png" type="10"/>
    <asset compressed="true" id="7166484" name="header.png" type="10"/>
    <asset compressed="false" id="7166451" name="recargaSaldo" type="50"/>
    <asset compressed="true" id="7159849" name="background.png" type="10"/>
    <asset compressed="true" id="7136344" name="logo.png" type="10"/>
    <asset compressed="true" id="7136343" name="bot_menu.png" type="10"/>
    <asset compressed="true" id="7136259" name="dashboard_6.png" type="10"/>
    <asset compressed="true" id="7136258" name="dashboard_5.png" type="10"/>
    <asset compressed="true" id="7136257" name="dashboard_4.png" type="10"/>
    <asset compressed="true" id="7136256" name="dashboard_3.png" type="10"/>
    <asset compressed="true" id="7136255" name="dashboard_2.png" type="10"/>
    <asset compressed="true" id="7136254" name="dashboard_1.png" type="10"/>
    <asset compressed="false" id="7136160" name="miMovistar" type="180"/>
    <asset compressed="false" id="7135569" name="home" type="50"/>
    <asset compressed="false" id="7135557" name="flat-ui" type="270"/>
    <asset compressed="false" id="7135555" name="Model and Storage" type="380"/>
    <asset compressed="false" id="7135554" name="Project Descriptor-33" type="120"/>
</project>
